{
  "experiment_metadata": {
    "timestamp": 1755393162.3476467,
    "runtime_seconds": 0.005037546157836914,
    "total_generations": 12,
    "population_size": 15
  },
  "performance_metrics": {
    "total_breakthroughs": 105,
    "best_performance": 0.8468595606938302,
    "average_performance": 0.37548601933525233,
    "performance_std": 0.4015339288605142
  },
  "breakthrough_analysis": {
    "breakthrough_types": [
      "performance_leap"
    ],
    "top_breakthrough": "QuantumBreakthrough(algorithm_name='adaptive_surface_code_v2', breakthrough_type='performance_leap', performance_improvement=0.8257307865379077, timestamp=1755393162.3460104, details={'algorithm_id': 'offspring_62345', 'previous_fitness': 0.0, 'new_fitness': 0.8257307865379077, 'generation': 9, 'parameters': {'learning_rate': 0.004239778347745773, 'exploration_rate': 0.23950881304585617, 'memory_retention': 0.8659658414957496, 'syndrome_compression_factor': 0.6998555365639689, 'error_threshold_adaptation': 0.08061041487815947, 'correction_confidence_threshold': 0.9499268637112298, 'quantum_noise_resilience': 0.9193127479547772, 'coherence_time_optimization': 0.8458477761147883, 'gate_fidelity_requirement': 1.0, 'classical_processing_weight': 0.39968084462579057, 'quantum_advantage_threshold': 1.5525795688419683, 'resource_efficiency_factor': 0.7391114273779947, 'self_modification_rate': 0.10637556180530822, 'collaboration_openness': 0.735384943006399, 'innovation_tolerance': 0.587476289918951}, 'mutations_count': 0}, reproducible=True, statistical_significance=0.95)",
    "breakthrough_timeline": [
      [
        0.00017261505126953125,
        0.7152230932345759
      ],
      [
        0.00020170211791992188,
        0.7244865766755462
      ],
      [
        0.0002143383026123047,
        0.7245804905181822
      ],
      [
        0.00022673606872558594,
        0.7409270173999625
      ],
      [
        0.00023412704467773438,
        0.7095566748479316
      ],
      [
        0.0002448558807373047,
        0.7400022586258784
      ],
      [
        0.00025153160095214844,
        0.7012721358277472
      ],
      [
        0.00025773048400878906,
        0.6772683448841001
      ],
      [
        0.0002639293670654297,
        0.7115217656796524
      ],
      [
        0.0002701282501220703,
        0.6612489359651536
      ],
      [
        0.0002796649932861328,
        0.7477317430697512
      ],
      [
        0.0002892017364501953,
        0.7970947475490266
      ],
      [
        0.00029540061950683594,
        0.7698263818795411
      ],
      [
        0.000301361083984375,
        0.751042499263591
      ],
      [
        0.0003108978271484375,
        0.6978330281059436
      ],
      [
        0.0005068778991699219,
        0.7455056000139685
      ],
      [
        0.0005154609680175781,
        0.7892766878127258
      ],
      [
        0.0005223751068115234,
        0.715312239386261
      ],
      [
        0.0005285739898681641,
        0.7347094301515453
      ],
      [
        0.0005347728729248047,
        0.7686736473886641
      ],
      [
        0.0005412101745605469,
        0.744447000782532
      ],
      [
        0.0005471706390380859,
        0.7299775479298775
      ],
      [
        0.0005536079406738281,
        0.7477789437837391
      ],
      [
        0.0006756782531738281,
        0.7394379211141074
      ],
      [
        0.0006837844848632812,
        0.7772624278000463
      ],
      [
        0.000690460205078125,
        0.753402409559514
      ],
      [
        0.0006966590881347656,
        0.7403153808386598
      ],
      [
        0.0007033348083496094,
        0.7136964756065337
      ],
      [
        0.0007097721099853516,
        0.7180738899335876
      ],
      [
        0.0007157325744628906,
        0.7239654840086517
      ],
      [
        0.0007216930389404297,
        0.7779344552050862
      ],
      [
        0.0010402202606201172,
        0.7380398429091892
      ],
      [
        0.0010497570037841797,
        0.7464854240837392
      ],
      [
        0.001056671142578125,
        0.7616356582963628
      ],
      [
        0.0010628700256347656,
        0.7392628350576393
      ],
      [
        0.0010683536529541016,
        0.7241380298380771
      ],
      [
        0.0010745525360107422,
        0.764012593571192
      ],
      [
        0.0010802745819091797,
        0.765862866289413
      ],
      [
        0.0011203289031982422,
        0.5817056531269168
      ],
      [
        0.0014650821685791016,
        0.7339241392402087
      ],
      [
        0.0014727115631103516,
        0.703566085472603
      ],
      [
        0.0014786720275878906,
        0.7480452813731008
      ],
      [
        0.0014841556549072266,
        0.7846586672749848
      ],
      [
        0.0014896392822265625,
        0.732798406825288
      ],
      [
        0.0015003681182861328,
        0.6897745929203117
      ],
      [
        0.0015058517456054688,
        0.7716842135092279
      ],
      [
        0.0015113353729248047,
        0.7370932606967092
      ],
      [
        0.002306222915649414,
        0.7118489471073711
      ],
      [
        0.002315998077392578,
        0.785104847034811
      ],
      [
        0.0023224353790283203,
        0.8032804897933186
      ],
      [
        0.0023279190063476562,
        0.7503339008775857
      ],
      [
        0.0023336410522460938,
        0.7018495583965886
      ],
      [
        0.0023391246795654297,
        0.7615471635346285
      ],
      [
        0.0023450851440429688,
        0.7259215084565455
      ],
      [
        0.0023505687713623047,
        0.7657901829635012
      ],
      [
        0.0026450157165527344,
        0.8092355176483128
      ],
      [
        0.0026535987854003906,
        0.7133697247885912
      ],
      [
        0.0026602745056152344,
        0.7791364199542169
      ],
      [
        0.002666473388671875,
        0.7361638773591994
      ],
      [
        0.0026717185974121094,
        0.7920239746365
      ],
      [
        0.002677440643310547,
        0.8086017435239514
      ],
      [
        0.0026831626892089844,
        0.7741138138992966
      ],
      [
        0.0026884078979492188,
        0.8010936001414143
      ],
      [
        0.002839803695678711,
        0.7693512912997588
      ],
      [
        0.002847433090209961,
        0.7934419007449506
      ],
      [
        0.0028536319732666016,
        0.8149706966080151
      ],
      [
        0.002859354019165039,
        0.8078551139803898
      ],
      [
        0.0028650760650634766,
        0.7584489760487579
      ],
      [
        0.002873659133911133,
        0.7903052908014193
      ],
      [
        0.002882242202758789,
        0.7789690402672904
      ],
      [
        0.0028874874114990234,
        0.7474594953533992
      ],
      [
        0.003122091293334961,
        0.815947826014528
      ],
      [
        0.0031316280364990234,
        0.7688243490122115
      ],
      [
        0.0031380653381347656,
        0.7857845625139186
      ],
      [
        0.0031440258026123047,
        0.7915834893507693
      ],
      [
        0.0031499862670898438,
        0.7468978772797458
      ],
      [
        0.0031557083129882812,
        0.8040773418153193
      ],
      [
        0.0031616687774658203,
        0.8229426086580386
      ],
      [
        0.0031676292419433594,
        0.7800641386692827
      ],
      [
        0.0033483505249023438,
        0.7801829480777323
      ],
      [
        0.003419637680053711,
        0.8257307865379077
      ],
      [
        0.003430604934692383,
        0.7440370183663754
      ],
      [
        0.0034377574920654297,
        0.7920506908360652
      ],
      [
        0.0034437179565429688,
        0.8006544097273306
      ],
      [
        0.0034494400024414062,
        0.7766101138448257
      ],
      [
        0.0034551620483398438,
